{
    "train_loss": [
        0.3449770858764436
    ],
    "train_accuracy": [
        0.9215465465465466
    ],
    "val_loss": [
        0.015453918827222185
    ],
    "val_accuracy": [
        0.9968093093093093
    ]
}